Id,FirstName,LastName,Gender,DateOfBirth,Email,PhoneNumber
1,Nealson,Heims,M,1975/01/29,nheims0@ucoz.com,+235 (199) 101-9798
2,Mendie,McGarva,M,1977/02/10,mmcgarva1@cpanel.net,+370 (897) 686-5366
3,Osmund,McCaskill,M,1971/04/28,omccaskill2@flavors.me,+33 (804) 810-5897
4,Lori,McCritichie,F,1994/09/02,lmccritichie3@senate.gov,+55 (163) 160-1392
5,Wittie,Jendrassik,M,1971/10/08,wjendrassik4@t-online.de,+86 (694) 233-5749
6,Sybil,Satterly,F,1988/05/20,ssatterly5@jiathis.com,+963 (758) 753-6877
7,Lurleen,Blowick,F,1991/06/04,lblowick6@purevolume.com,+256 (399) 285-8101
8,Ysabel,Thornthwaite,F,1998/12/18,ythornthwaite7@netlog.com,+33 (960) 923-6848
9,Karl,Brabham,M,1978/08/28,kbrabham8@alibaba.com,+64 (741) 106-8439
10,Valry,Jeffcoat,F,1995/04/15,vjeffcoat9@trellian.com,+387 (382) 730-1249
